"","Peak","Direction","Stations_After_Treeline","Peak_ID","Long","Lat","Country","present_elevation","change_in_treeline_NDVI","change_in_treeline_elevation"
"1","Abercrombie Mtn.","E",10,1235,-117.4545424,48.92828211,"United States",1914,-0.234765315409872,-277.542090324442
"2","Abercrombie Mtn.","N",15,1235,-117.4599805,48.92923243,"United States",1819,-0.120710588970036,-238.514682107749
"3","Abercrombie Mtn.","NW",16,1235,-117.460951,48.92897812,"United States",2066,-0.102356453862082,-99.9552316320828
"4","Abercrombie Mtn.","SE",14,1235,-117.459049,48.92768854,"United States",1874,-0.222723556702089,-424.138606839584
"5","Abercrombie Mtn.","SW",11,1235,-117.4619571,48.92707986,"United States",1968,-0.125012216102911,-140.186899148317
"6","Arc Dome","N",10,1179,-117.3527134,38.83638047,"United States",3162,0.0162218546754591,71.8357531897959
"7","Arc Dome","S",7,1179,-117.3527939,38.83187711,"United States",3280,0.00866353458199443,41.7124593825024
"8","Arc Dome","SE",16,1179,-117.351978,38.8321315,"United States",3295,-0.00596107388710698,-31.378064854593
"9","Arc Dome","SW",10,1179,-117.3544229,38.83152283,"United States",3126,-0.00847343254696054,-29.2503731645675
"10","Arc Dome","W",10,1179,-117.3550722,38.83280435,"United States",3184,-0.00144100211348408,-3.62203779251149
"11","Birkenhead Peak","E",31,741,-122.6011335,50.51177801,"Canada",1160,0.0607873292113464,684.683163448313
"12","Birkenhead Peak","NW",31,741,-122.6439121,50.5243255,"Canada",1408,-0.0902144934170797,-966.362181391628
"13","Birkenhead Peak","SE",25,741,-122.6134927,50.50690557,"Canada",1247,0.0807519904867143,950.507205444673
"14","Birkenhead Peak","SW",25,741,-122.6293032,50.50509622,"Canada",1633,0.0110144045491691,95.2662688286061
"15","Blanca Peak","NE",29,1089,-105.4447594,37.60113581,"United States",3590,-0.0466015222422862,-77.3570423700653
"16","Blanca Peak","S",10,1089,-105.4892646,37.55800839,"United States",3357,0.0368827587648493,105.133783925583
"17","Blanca Peak","SE",23,1089,-105.4668639,37.55712796,"United States",3588,-0.0469923407184214,-122.092485362865
"18","Blanca Peak","SW",19,1089,-105.5163601,37.55963,"United States",3421,0.0819030231646818,127.565953385876
"19","Blanca Peak","W",25,1089,-105.516721,37.58149632,"United States",3724,0.0409965955952372,133.307313315271
"20","Borah Peak","N",13,664,-113.7794838,44.15725273,"United States",2892,-0.079045777262246,-148.07764302639
"21","Borah Peak","NE",25,664,-113.7596273,44.15121754,"United States",2913,-0.0790378438152548,-307.163236383568
"22","Borah Peak","NW",11,664,-113.7902345,44.14490535,"United States",3081,-0.00582268972658728,-15.8618996909622
"23","Borah Peak","S",13,664,-113.7848778,44.09170916,"United States",3102,-0.00555696394249994,-5.04874671019843
"24","Borah Peak","SW",10,664,-113.7951167,44.12855142,"United States",2946,-0.0434857995921901,-121.960004786432
"25","Cerro Chirippo","N",17,36,-83.50996427,9.477636466,"Costa Rica",3509,0.235769984798349,2601.98830063498
"26","Cerro Chirippo","NW",38,36,-83.51062867,9.476486018,"Costa Rica",3495,0.156698525645568,3485.80422050875
"27","Cerro Chirippo","S",45,36,-83.51014263,9.468611245,"Costa Rica",3517,0.185543117202652,3957.14967332449
"28","Charleston Peak","E",13,177,-115.6944504,36.2716355,"United States",3205,0.0036795757559096,19.6617645045726
"29","Charleston Peak","NE",12,177,-115.6947488,36.27228136,"United States",3304,0.000646012899720327,2.51518735380932
"30","Charleston Peak","NW",19,177,-115.6963118,36.27232544,"United States",3321,-0.0535542660173161,-330.928073749727
"31","Charleston Peak","S",19,177,-115.6955914,36.27076619,"United States",3346,-0.00251659314971031,-12.3722096130505
"32","Charleston Peak","SE",25,177,-115.68119,36.25914896,"United States",3317,-0.0536058836274914,-265.871298976578
"33","Charleston Peak","SW",24,177,-115.6963624,36.27105197,"United States",3326,0.00180935176017211,15.2712218021256
"34","Chatsquot Mtn.","N",25,483,-127.4848385,53.1796278,"Canada",1139,-0.0552644659999633,-211.48584418139
"35","Chatsquot Mtn.","NW",13,483,-127.4925062,53.14943381,"Canada",1060,-0.0110322456236936,-49.0835533566385
"36","Chatsquot Mtn.","S",13,483,-127.4721535,53.11728466,"Canada",1230,-0.054777110593228,-144.540365438923
"37","Chatsquot Mtn.","SE",23,483,-127.4337494,53.1216862,"Canada",1158,-0.0251470877437686,-166.84558940025
"38","Cloud Peak","E",43,350,-107.0574931,44.36974314,"United States",2853,-0.00676312751217145,-29.336190230008
"39","Cloud Peak","N",45,350,-107.1598085,44.45386195,"United States",3109,-0.00501527663496654,-19.7607555187747
"40","Cloud Peak","NE",55,350,-107.1290126,44.40607765,"United States",3129,-0.0234629278566653,-74.7722770967894
"41","Cloud Peak","S",25,350,-107.1904176,44.30025557,"United States",3025,-0.0454079104343309,-160.665416999399
"42","Cloud Peak","SW",31,350,-107.2633561,44.33415565,"United States",2970,-0.085650786061753,-218.257067151847
"43","Cloud Peak","W",33,350,-107.2598413,44.39082254,"United States",3041,-0.0664830000313081,-109.548329764043
"44","Cond Peak","NW",27,859,-117.1592719,49.75776149,"Canada",2091,-0.000792258907015564,-3.7171638818586
"45","Cond Peak","W",11,859,-117.1572003,49.74629217,"Canada",2238,0.00546116316114792,24.7542251012633
"46","Crazy Peak","E",21,814,-110.2651103,46.01720088,"United States",2577,-0.0516614732235112,-96.8426379807547
"47","Crazy Peak","S",21,814,-110.2859768,45.9564227,"United States",2560,-0.0171090827550169,-32.1947530459852
"48","Crazy Peak","SE",15,814,-110.2628584,46.00617681,"United States",2405,-0.0567643027063396,-165.856368551191
"49","Crazy Peak","SW",15,814,-110.3238086,45.9915138,"United States",2251,-0.101025459656028,-98.8926751183176
"50","Crazy Peak","W",45,814,-110.3370224,46.02249967,"United States",2394,-0.074029844206825,-465.03897471436
"51","Deseret Peak","N",15,750,-112.626306,40.46034182,"United States",3029,-0.0489551212775188,-441.621889850533
"52","Diamond Peak","E",19,1044,-113.0703168,44.14076631,"United States",2800,-0.0457725692548819,-118.848180195075
"53","Diamond Peak","N",10,1044,-113.0819302,44.15036077,"United States",2751,-0.0514243405480412,-75.650380333378
"54","Diamond Peak","NE",15,1044,-113.0743075,44.14670247,"United States",2844,-0.0112723909228577,-38.5689169478728
"55","Dunn Pk.","SE",11,1370,-119.9125897,51.4110856,"Canada",1490,-0.0947531332515134,-444.765076063367
"56","Gannett Peak","E",25,349,-109.3959891,43.16265355,"United States",3250,-0.0107815557234425,-17.2353805415642
"57","Gannett Peak","S",33,349,-109.6645818,43.11095355,"United States",3207,-0.00299078866072716,-8.19664989752073
"58","Gannett Peak","SE",10,349,-109.4940537,43.03795854,"United States",3024,-0.0152919623809196,-40.5561306155528
"59","Gannett Peak","SW",10,349,-109.727354,43.14100082,"United States",3334,0.0184308532132134,56.2704986003941
"60","Glacier Peak","S",10,275,-121.1100805,48.05173019,"United States",1669,-0.117824713224736,-228.278931024047
"61","Glacier Peak","W",19,275,-121.1439252,48.11125762,"United States",1730,0.00542643320519362,34.7105935526447
"62","Gladsheim Peak","E",19,422,-117.5891888,49.78303372,"Canada",2006,-0.0293642942212679,-95.2883139173646
"63","Gladsheim Peak","NW",25,422,-117.6383025,49.79105328,"Canada",1793,0.0285808417464263,365.139560708883
"64","Golden Hinde","N",21,329,-125.751179,49.67471334,"Canada",1309,-0.085824330442138,-192.832000553217
"65","Golden Hinde","SE",21,329,-125.747865,49.66552112,"Canada",1486,-0.0828564609766734,-140.578964926473
"66","Golden Hinde","SW",11,329,-125.7667597,49.65352423,"Canada",1372,-0.0741666577678082,-294.834343171359
"67","Golden Hinde","W",13,329,-125.7720595,49.66531964,"Canada",1276,0.00711562165606622,28.6152747130116
"68","Grand Teton","E",21,471,-110.7815104,43.73961576,"United States",2896,-0.0685027335556527,-355.19949176572
"69","Grand Teton","N",17,471,-110.801551,43.74826689,"United States",2910,-0.0115595999947798,-79.4184097746761
"70","Grand Teton","NE",17,471,-110.7881437,43.74966572,"United States",2849,0.0050094313678925,50.4695802632086
"71","Grand Teton","NW",21,471,-110.8040785,43.74250031,"United States",3165,-0.0049096542627555,-106.140711632048
"72","He Devil","N",13,1170,-116.5477219,45.34097754,"United States",2168,-0.130660660666392,-161.190687528847
"73","He Devil","W",30,1170,-116.5496081,45.32391185,"United States",2289,-0.0532931483235435,-184.714211098734
"74","Humphreys Peak","NW",19,646,-111.6807454,35.34795846,"United States",3217,0.0642858057436579,200.957421665502
"75","Humphreys Peak","S",10,646,-111.6778515,35.34551933,"United States",3469,0.0433670995770974,527.136372495593
"76","Humphreys Peak","SW",10,646,-111.6841076,35.33931672,"United States",3474,0.0539707389293099,226.710264094926
"77","Humphreys Peak","W",21,646,-111.6801791,35.34612577,"United States",3266,0.090705631380227,410.972360874564
"78","Ibapah Peak","NE",16,1119,-113.9188549,39.82865464,"United States",3326,-0.0152794011077473,-55.1343092774241
"79","Ibapah Peak","NW",21,1119,-113.9204994,39.82872746,"United States",3421,-0.0340810992740692,-177.970442876517
"80","Ibapah Peak","S",21,1119,-113.9197859,39.82715684,"United States",3439,-0.00897803861167634,-85.5821542382291
"81","Ibapah Peak","SE",7,1119,-113.918945,39.82738365,"United States",3398,-0.00951951631282319,-146.868669557066
"82","Jeanette Peak","SE",13,1011,-118.6083163,52.63047591,"Canada",1842,-0.040868021854908,-252.266178325938
"83","Kaza Mtn.","SE",29,1247,-121.0045374,53.06865377,"Canada",1431,-0.0505904199363709,-392.866692029354
"84","Kings Peak","E",25,535,-110.3351471,40.77346217,"United States",3388,-0.0715136771283351,-27.9178569547767
"85","Kings Peak","N",10,535,-110.363076,40.8515218,"United States",3378,-0.0824215485930475,-72.7965974243689
"86","Kings Peak","NE",53,535,-110.2804686,40.83370892,"United States",3311,-0.0486039113940782,-97.8023041670399
"87","Kings Peak","NW",10,535,-110.4403441,40.83909867,"United States",3205,-0.0924553988707774,-127.360464392705
"88","Kings Peak","S",10,535,-110.3810688,40.71198726,"United States",3403,-0.0981323095506189,-102.467322133524
"89","Kings Peak","SW",15,535,-110.3965129,40.76161935,"United States",3377,-0.0352809391261359,-58.9326919506912
"90","Kings Peak","W",27,535,-110.4856905,40.78508901,"United States",3427,-0.0518662465391838,-194.246844567558
"91","Kootenay Mtn.","E",41,708,-116.8211273,49.24081309,"Canada",1990,-0.0270139701368967,-154.234386862689
"92","Kootenay Mtn.","NW",25,708,-116.8234486,49.24148323,"Canada",1735,-0.0863697840429371,-252.692681552384
"93","Kootenay Mtn.","SE",17,708,-116.814912,49.23563382,"Canada",1859,-0.0548739598963883,-331.714505483515
"94","Kwatna Peak","S",10,313,-126.9392262,51.96031258,"Canada",1358,0.00863315556234351,23.8338699707031
"95","Kwatna Peak","SE",19,313,-126.9275295,52.05430688,"Canada",1411,0.0210002136844701,92.4691702516484
"96","Kwatna Peak","W",21,313,-126.9970812,52.0674115,"Canada",1242,0.00583792166763261,27.2882899743774
"97","Lassen Peak","E",28,1187,-121.5029909,40.48753287,"United States",2493,-0.0503492484621182,-149.601394831046
"98","Lassen Peak","N",45,1187,-121.5047035,40.49919687,"United States",2215,-0.0589487775472602,-104.259127252706
"99","Lassen Peak","NE",27,1187,-121.489724,40.49936957,"United States",2114,-0.0691006958194671,-159.872617138959
"100","Lassen Peak","NW",39,1187,-121.5050273,40.48811298,"United States",2418,-0.091934670032785,-281.508380719605
"101","Lassen Peak","SW",51,1187,-121.5097819,40.48288353,"United States",2504,-0.000524626494340152,-1.29406464072144
"102","Lassen Peak","W",19,1187,-121.5088699,40.48736839,"United States",2567,-0.0225184532506625,-62.6233296324353
"103","Malinche","N",15,534,-98.03263212,19.23436361,"Mexico",3960,0.15687030716051,511.809027596355
"104","Malinche","NE",10,534,-98.02930117,19.23498342,"Mexico",3954,0.0915155008555208,302.962566007665
"105","Malinche","NW",21,534,-98.03320289,19.23227675,"Mexico",3884,0.0764882451463953,224.702938225352
"106","Malinche","S",19,534,-98.03236458,19.2289681,"Mexico",3693,0.258444431518034,2669.71906229639
"107","Malinche","SE",19,534,-98.0282845,19.22801385,"Mexico",3960,0.158625164349694,396.530111756389
"108","Malinche","SW",17,534,-98.03442022,19.22967709,"Mexico",3922,0.101995809073957,305.19427107723
"109","Malinche","W",21,534,-98.03344814,19.23163018,"Mexico",3875,0.116734504184409,555.703026266929
"110","McDonald Peak","N",15,853,-113.9176266,47.3968585,"United States",1943,-0.00142190644197596,-9.78851426710003
"111","McDonald Peak","NE",11,853,-113.9050193,47.39085246,"United States",2156,-0.0572861768057998,-198.316220352131
"112","McDonald Peak","S",15,853,-113.9210958,47.35737249,"United States",2030,-0.0647398157765001,-274.255576118126
"113","McDonald Peak","W",19,853,-113.9360745,47.38319544,"United States",2306,-0.0709147190799014,-432.337378228286
"114","Monarch Mtn.","N",43,100,-125.8926274,52.01155916,"Canada",1582,-0.179616002076809,-353.571353511493
"115","Monarch Mtn.","NE",53,100,-125.7763601,51.97577196,"Canada",1396,-0.25039263090836,-612.825586869713
"116","Monarch Mtn.","SW",21,100,-126.0420708,51.77544485,"Canada",1762,-0.164448537677723,-196.479857318727
"117","Monmouth Mtn.","E",25,1153,-123.616733,50.99905964,"Canada",1832,0.0539733206837304,404.666775336665
"118","Monmouth Mtn.","N",23,1153,-123.8028563,51.10727484,"Canada",1856,0.0145786382132718,216.862465950721
"119","Monmouth Mtn.","NE",27,1153,-123.7086571,51.05056348,"Canada",2162,0.0419702161778526,131.59738248504
"120","Monmouth Mtn.","NW",17,1153,-123.9924591,51.10243799,"Canada",1635,0.00673453755342781,386.131913308061
"121","Monmouth Mtn.","S",63,1153,-123.7347935,50.4870627,"Canada",1945,-0.010416211982901,-54.5578586996221
"122","Monmouth Mtn.","W",41,1153,-123.8041998,50.99104968,"Canada",1924,0.0475727854955564,1243.45252962086
"123","Morton Peak","E",13,926,-118.8246394,50.76532033,"Canada",1779,-0.144065421482445,-379.677873539166
"124","Morton Peak","N",24,926,-118.843061,50.7661767,"Canada",1915,-0.00520530692982216,-11.7807645400339
"125","Morton Peak","NW",26,926,-118.8440612,50.76591102,"Canada",2041,-0.0162818319618588,-62.9119634908693
"126","Morton Peak","S",30,926,-118.8430502,50.76437886,"Canada",1951,-0.0965101372141933,-193.547975186238
"127","Morton Peak","SE",13,926,-118.8360175,50.76084489,"Canada",1940,-0.10515002242166,-174.277701948177
"128","Morton Peak","SW",26,926,-118.8440535,50.76463975,"Canada",1969,-0.100904728332634,-152.374831810364
"129","Mt. Adams","N",21,187,-121.4937193,46.25103653,"United States",1901,-0.0797429601410315,-159.555164530542
"130","Mt. Adams","NW",27,187,-121.5367154,46.2318528,"United States",1810,-0.0579598592852982,-94.2592163695583
"131","Mt. Adams","S",29,187,-121.4858645,46.10452656,"United States",1148,-0.194873447832272,-127.867872345993
"132","Mt. Adams","SE",31,187,-121.4512479,46.17680074,"United States",1708,-0.102311678477605,-459.805962127147
"133","Mt. Adams","W",31,187,-121.5765548,46.20024115,"United States",1603,-0.109353727350105,-493.366710470439
"134","Mt. Assiniboine","E",41,397,-115.6485813,50.86996579,"Canada",2237,-0.0533573448719382,-411.744463979988
"135","Mt. Assiniboine","NW",21,397,-115.677011,50.8884553,"Canada",1947,-0.0566682112402223,-68.4575544632924
"136","Mt. Assiniboine","S",25,397,-115.6527456,50.82509563,"Canada",1792,-0.101783261283843,-679.624871349472
"137","Mt. Baker","E",67,146,-121.7818221,48.77757288,"United States",1399,-0.100565532912553,-735.088004675106
"138","Mt. Baker","N",33,146,-121.8170482,48.8170861,"United States",1573,-0.123464611416514,-168.545660943702
"139","Mt. Baker","NE",33,146,-121.6992269,48.85935651,"United States",1105,-0.0872420512249847,-406.031093954307
"140","Mt. Baker","S",31,146,-121.8120189,48.73894153,"United States",1467,-0.105722164790472,-337.514744924757
"141","Mt. Baker","SE",37,146,-121.7843953,48.75841371,"United States",1313,-0.101141279868517,-333.066105286949
"142","Mt. Baker","SW",49,146,-121.8447998,48.75481788,"United States",1442,-0.00151609487813686,-4.4024541668748
"143","Mt. Chown","E",25,811,-119.2731661,53.39784821,"Canada",1798,-0.0472415528300037,-196.377732207827
"144","Mt. Chown","NW",19,811,-119.5290391,53.46220986,"Canada",1795,-0.00994007811142184,-17.9580910541029
"145","Mt. Cleveland","SE",33,1164,-113.8351283,48.91529799,"United States",2059,-0.0417911956169916,-151.469115524932
"146","Mt. Cleveland","W",19,1164,-113.8600349,48.92521521,"United States",1999,-0.0819083853468667,-241.627509512939
"147","Mt. Columbia","E",31,229,-123.5949418,47.80652507,"Canada",1301,-0.173600722026745,-279.578204652088
"148","Mt. Columbia","NE",33,229,-123.6844512,47.82167757,"Canada",1396,-0.0811876996739258,-141.111498091142
"149","Mt. Columbia","S",13,229,-123.7079948,47.77268956,"Canada",1393,-0.227949740275172,-530.174950936395
"150","Mt. Columbia","SE",10,229,-123.6616357,47.77237239,"Canada",1131,-0.167740614802769,-284.457607248362
"151","Mt. Columbia","SW",11,229,-123.7275316,47.78853636,"Canada",1475,-0.105897939155951,-161.117315217662
"152","Mt. Cooper","E",10,261,-117.145425,50.18270056,"Canada",1992,-0.0368872877838868,-48.75683348857
"153","Mt. Cooper","N",25,261,-117.1994724,50.20220889,"Canada",1989,0.00545299529496052,30.0059508867619
"154","Mt. Cooper","NW",17,261,-117.2243019,50.19950138,"Canada",2038,0.0217766491112571,131.695689064134
"155","Mt. Dawson","E",35,431,-117.3620053,51.15082604,"Canada",1773,0.0183207347713901,131.567401061421
"156","Mt. Eddy","E",21,1280,-122.4548766,41.32083205,"United States",2120,-0.00693075972692514,-13.8428530975639
"157","Mt. Eddy","N",17,1280,-122.4780617,41.32899018,"United States",2150,-0.014178670201189,-21.8809436402466
"158","Mt. Eddy","NE",13,1280,-122.4638596,41.33133402,"United States",2370,0.013306485337699,13.6731806502607
"159","Mt. Eddy","NW",23,1280,-122.4898449,41.32846431,"United States",2336,-0.0616341224595371,-60.0403444391172
"160","Mt. Eddy","S",25,1280,-122.4773877,41.31820196,"United States",2080,-0.011271609087628,-40.6656396699091
"161","Mt. Eddy","SE",23,1280,-122.4757367,41.31879069,"United States",2230,-0.012545189906862,-33.6236557209072
"162","Mt. Eddy","SW",23,1280,-122.4783022,41.31933324,"United States",2315,-0.00903877748649945,-29.590420582319
"163","Mt. Edith Cavell","E",21,463,-118.0101458,52.66649806,"Canada",2025,-0.01791350674495,-45.4573097282096
"164","Mt. Edith Cavell","S",13,463,-118.0503645,52.63431666,"Canada",2140,0.0233213915020805,71.9610191774555
"165","Mt. Edith Cavell","SW",19,463,-118.1402695,52.61235338,"Canada",2107,0.0364513172038623,135.796146666492
"166","Mt. Edith Cavell","W",21,463,-118.0809979,52.66678897,"Canada",2081,0.000402401360145105,2.11124151551758
"167","Mt. Elbert","E",10,128,-106.4213377,39.11496972,"United States",3566,-0.0275094361414363,-29.7325400183654
"168","Mt. Elbert","NE",23,128,-106.4314563,39.12577535,"United States",3522,-0.0664987095985303,-171.636434255051
"169","Mt. Elbert","NW",10,128,-106.4528792,39.12572128,"United States",3522,0.0118855981621671,38.5281452268987
"170","Mt. Elbert","S",31,128,-106.4483715,39.10091138,"United States",3625,0.0184915679004692,77.0981807233566
"171","Mt. Elbert","SE",19,128,-106.4141985,39.08527652,"United States",3337,0.0322566091277924,281.165498260061
"172","Mt. Elbert","W",10,128,-106.4555385,39.11897956,"United States",3570,0.0354792625082169,224.643612929634
"173","Mt. Ellen","NE",13,732,-110.81274,38.109462,"United States",3177,-0.0731103616075,-107.707731092238
"174","Mt. Ellen","NW",13,732,-110.8143386,38.10958237,"United States",3253,-0.0555325102377984,-71.9814904369728
"175","Mt. Ellen","S",19,732,-110.8137127,38.10799327,"United States",3113,-0.0706378503676283,-123.530390910302
"176","Mt. Ellen","SW",13,732,-110.8153533,38.10774265,"United States",3150,-0.0560103114491276,-156.517391774015
"177","Mt. Ellen","W",10,732,-110.8203932,38.10939936,"United States",3010,-0.0868441768447037,-219.102063393928
"178","Mt. Farnham","NW",15,371,-116.525416,50.51442955,"Canada",1741,0.00374885222510657,44.3493228235413
"179","Mt. Farnham","SE",10,371,-116.4237882,50.44590043,"Canada",2173,-0.0302507711025716,-38.5003885877759
"180","Mt. Farnham","SW",11,371,-116.5101869,50.47411278,"Canada",1907,-0.0169518261060215,-48.2132755648943
"181","Mt. Farnham","W",17,371,-116.5106019,50.4887442,"Canada",2002,0.0291214707578044,120.477026776242
"182","Mt. Forbes","E",41,1073,-116.8504797,51.85889707,"Canada",2025,0.0157681758526067,167.822793366068
"183","Mt. Forbes","NE",27,1073,-116.8698095,51.89666716,"Canada",2048,-0.0216361486077993,-88.3376057411956
"184","Mt. Fryatt","N",45,1141,-117.8995676,52.57965403,"Canada",1562,-0.0752845673361206,-267.658791223171
"185","Mt. Fryatt","W",19,1141,-117.9942241,52.55046247,"Canada",2055,-0.0334664471585541,-125.409522120734
"186","Mt. Goodsir, South Tower","NW",10,594,-116.4349615,51.22713809,"Canada",2076,-0.00233858817489985,-21.2154638799461
"187","Mt. Goodsir, South Tower","S",19,594,-116.3999219,51.13069249,"Canada",2074,-0.0151053202901069,-82.8660571554597
"188","Mt. Goodsir, South Tower","SE",10,594,-116.3750827,51.18729288,"Canada",2043,0.0268031345070217,136.251120532025
"189","Mt. Goodsir, South Tower","W",13,594,-116.4295382,51.20224776,"Canada",2089,0.0030032347530512,23.3918326870594
"190","Mt. Hector","S",11,778,-116.2595326,51.54907967,"Canada",2269,0.0298887068316431,114.25626283379
"191","Mt. Hector","SW",23,778,-116.2677824,51.56778905,"Canada",2241,0.0102788956190299,64.2415497956995
"192","Mt. Hood","E",21,245,-121.660124,45.37461145,"United States",1941,-0.0847565200324552,-109.67222526706
"193","Mt. Hood","NE",27,245,-121.6767731,45.38815127,"United States",1945,-0.0626842715221898,-105.628350775797
"194","Mt. Hood","S",33,245,-121.6937692,45.33675814,"United States",1584,-0.0784690932984926,-90.0628496864915
"195","Mt. Hood","SW",21,245,-121.7295979,45.34782748,"United States",1636,-0.0546984547752127,-106.447112477527
"196","Mt. Ida","E",15,1372,-120.303539,54.05864902,"Canada",1507,-0.0654803362096546,-136.521810665445
"197","Mt. Ida","S",10,1372,-120.3253125,54.03228813,"Canada",1741,-0.0331070025612776,-48.6352349494109
"198","Mt. Ida","SW",21,1372,-120.3673491,54.03297533,"Canada",1764,-0.0544517924622629,-177.086922336551
"199","Mt. Jefferson","E",62,725,-116.925521,38.75192644,"United States",3276,0.0375181151344917,235.340832650602
"200","Mt. Jefferson","NE",69,725,-116.9258411,38.75256852,"United States",3267,0.0246585630759766,257.323895255035
"201","Mt. Jefferson","SE",49,725,-116.925872,38.75129491,"United States",3255,0.0265340304318823,209.221525492638
"202","Mt. Jefferson","SW",57,725,-116.9274922,38.75132036,"United States",3243,0.0354182553320889,263.63514039455
"203","Mt. Jefferson","W",57,725,-116.9278124,38.75196243,"United States",3373,0.0587485958551612,403.784235498384
"204","Mt. Joffre","N",13,1443,-115.2033402,50.57592003,"Canada",2198,-0.0690322364499255,-227.619414081185
"205","Mt. Joffre","NE",17,1443,-115.129625,50.57323067,"Canada",2327,0.00295334568670133,45.7274050013975
"206","Mt. Joffre","NW",35,1443,-115.2352224,50.54821133,"Canada",2067,-0.0392586418856515,-299.296889567554
"207","Mt. Joffre","W",34,1443,-115.208075,50.52837267,"Canada",2283,-0.0461832820581365,-384.62609987564
"208","Mt. Judge Howay","E",17,1076,-122.3065002,49.50742763,"Canada",1077,-0.0101897765540641,-34.3208344841855
"209","Mt. Monashee","W",25,220,-119.0250802,52.38498406,"Canada",1876,-0.0551863191894498,-169.406722426789
"210","Mt. Moriah","E",12,1452,-114.1974578,39.27328507,"United States",3440,-0.0355126980559647,-98.5690298749992
"211","Mt. Moriah","NW",12,1452,-114.1993849,39.27400316,"United States",3367,0.0062125334269636,13.5432376520225
"212","Mt. Moriah","S",13,1452,-114.1988472,39.26973717,"United States",3361,-0.0414731987978407,-51.7256437203041
"213","Mt. Moriah","SE",9,1452,-114.1978373,39.27266349,"United States",3426,-0.0442078839438494,-126.229153493578
"214","Mt. Nebo","E",17,947,-111.7533141,39.82121386,"United States",2845,-0.0484213896291654,-794.915816987499
"215","Mt. Odin","N",10,218,-118.1299601,50.55616138,"Canada",1994,0.0856518925314788,187.860327441877
"216","Mt. Peale","E",29,599,-109.2280331,38.43850845,"United States",3198,-0.0340206324647692,-133.398066390449
"217","Mt. Peale","N",21,599,-109.2263282,38.45915365,"United States",3443,-0.00885223048676553,-11.8140594214124
"218","Mt. Peale","NW",27,599,-109.2413126,38.45058091,"United States",3427,-0.00162714891020022,-3.48107123438785
"219","Mt. Peale","S",26,599,-109.2292901,38.43771795,"United States",3162,-0.0437567430273186,-180.185647263414
"220","Mt. Peale","SE",22,599,-109.2284524,38.43790696,"United States",3212,-0.0410172771806855,-205.375242726809
"221","Mt. Peale","SW",24,599,-109.2300555,38.43805213,"United States",3291,-0.00814605802791507,-33.0660463646773
"222","Mt. Peale","W",19,599,-109.2597751,38.4413782,"United States",3284,-0.0335580505018336,-96.1397621386814
"223","Mt. Perseus","NW",23,943,-120.5380978,52.3572596,"Canada",1867,-0.0634514066789727,-185.031918646403
"224","Mt. Rainier","N",17,20,-121.7632874,46.90337494,"United States",1855,-0.0590635674227193,-54.9057190614024
"225","Mt. Rainier","NE",10,20,-121.7193874,46.88347776,"United States",1982,-0.0408704992671401,-49.2369265282341
"226","Mt. Rainier","S",29,20,-121.7580254,46.81531565,"United States",1923,-0.00924665693935375,-38.5723807239253
"227","Mt. Rainier","SE",25,20,-121.6870521,46.80672796,"United States",1692,-0.0443566700920885,-69.7310535033082
"228","Mt. Robson","E",25,115,-118.9121622,53.11093485,"Canada",1778,-0.0397427927667457,-163.187288356401
"229","Mt. Robson","NW",15,115,-119.1832469,53.12575458,"Canada",1735,-0.00775995346420141,-59.581974419126
"230","Mt. Robson","SE",47,115,-118.9669059,52.99703112,"Canada",1520,-0.102662822160971,-610.842998921467
"231","Mt. Robson","SW",11,115,-119.1827959,53.09398683,"Canada",1159,-0.0601850449750007,-267.482119084441
"232","Mt. Robson","W",13,115,-119.1894652,53.10983827,"Canada",1534,-0.0287286252005072,-255.76381781522
"233","Mt. Saugstad","E",19,638,-126.4771834,52.25577649,"Canada",1268,-0.002954803944686,-6.72259747767043
"234","Mt. Saugstad","N",19,638,-126.5205031,52.2845678,"Canada",1646,0.0160607543869131,97.3707203387185
"235","Mt. Saugstad","NW",15,638,-126.529816,52.26067005,"Canada",1533,0.0423606633111502,118.713676998398
"236","Mt. Saugstad","SW",25,638,-126.5195863,52.24984505,"Canada",1646,0.00831770626289902,47.2058774186503
"237","Mt. Saugstad","W",19,638,-126.5426327,52.25154063,"Canada",1489,0.0311963763984821,98.9321889389951
"238","Mt. Seton - Cy5","NW",39,1221,-122.2717935,50.63025359,"Canada",1877,-0.00763582167192628,-94.220857301598
"239","Mt. Seton - Cy5","S",13,1221,-122.2577764,50.59129715,"Canada",1966,0.0541095342391146,167.81715632748
"240","Mt. Seton - Cy5","SE",25,1221,-122.2372562,50.61032275,"Canada",1996,0.0466701385343115,420.154471046969
"241","Mt. Seton - Cy5","W",15,1221,-122.2814389,50.62295608,"Canada",1939,-0.0424209925379467,-181.20347311733
"242","Mt. Shasta","E",17,88,-122.1434404,41.41062981,"United States",2324,0.0138762763712318,60.2767200322191
"243","Mt. Shasta","N",23,88,-122.1971798,41.45115097,"United States",2256,0.0477102749080591,162.996674380196
"244","Mt. Shasta","NE",21,88,-122.1656834,41.43281276,"United States",2453,-0.0274112313784474,-99.4838557717476
"245","Mt. Shasta","S",17,88,-122.1923212,41.3675256,"United States",2457,0.0219923449169965,33.274108296594
"246","Mt. Shasta","SE",17,88,-122.1639253,41.38763935,"United States",2386,0.0152149205013656,38.519068385735
"247","Mt. Shasta","SW",15,88,-122.2253507,41.3836275,"United States",2542,0.00413646897003161,13.3221648054664
"248","Mt. Shasta","W",19,88,-122.2388461,41.40737114,"United States",2605,0.0217812124111401,96.1101656824621
"249","Mt. Sir Alexander","NW",35,773,-120.419992,53.95441621,"Canada",1747,-0.0315701036261538,-191.382068140646
"250","Mt. Sir Alexander","SW",51,773,-120.4214783,53.91436093,"Canada",1105,-0.0288784257868357,-465.86380229873
"251","Mt. Sir Alexander","W",41,773,-120.5221241,53.93381291,"Canada",1812,-0.011421876972889,-78.5841456588184
"252","Mt. Sir Sandford","SE",10,145,-117.8381807,51.63806663,"Canada",1785,0.0293226252074842,171.114552358179
"253","Mt. Sir Wilfrid Laurier","N",31,138,-119.7331433,52.86787572,"Canada",1941,0.0555260496357593,1573.9247489944
"254","Mt. Sir Wilfrid Laurier","NE",21,138,-119.6571476,52.8478213,"Canada",1803,0.0215040188480306,194.057947918737
"255","Mt. Sir Wilfrid Laurier","NW",77,138,-119.7846026,52.83264912,"Canada",2013,0.0241499656638357,159.389456754372
"256","Mt. Sir Wilfrid Laurier","W",33,138,-119.8572185,52.80013726,"Canada",2149,0.0143493641606962,141.246560696085
"257","Mt. Stuart","NW",19,1077,-120.916714,47.48424557,"United States",1838,-0.0461807736874394,-145.254954466425
"258","Mt. Stuart","S",13,1077,-120.9017819,47.46511191,"United States",1665,-0.101956393861914,-256.156915396641
"259","Mt. Stuart","SE",10,1077,-120.8896668,47.46698565,"United States",2020,-0.0527080515653697,-85.1709811063492
"260","Mt. Tatlow","E",57,1116,-123.7209696,51.39034354,"Canada",2010,0.0103806826460108,56.1104684673039
"261","Mt. Tatlow","N",25,1116,-123.8674338,51.41284039,"Canada",1909,0.0192888275511707,59.6720448572926
"262","Mt. Tatlow","NE",25,1116,-123.8368872,51.40382225,"Canada",1880,0.0463186632323712,130.256146289656
"263","Mt. Tatlow","NW",11,1116,-123.8858635,51.39595138,"Canada",1955,0.0988311862712061,460.684503784695
"264","Mt. Tatlow","S",35,1116,-123.859988,51.34742807,"Canada",1972,0.0215634508430121,87.7157316792839
"265","Mt. Tatlow","SW",37,1116,-123.9458702,51.3251643,"Canada",1855,0.0333593459304587,846.312433581018
"266","Mt. Tatlow","W",31,1116,-124.0202078,51.37724207,"Canada",1726,0.00781728435432738,77.0040940327006
"267","Mt. Temple","N",34,1352,-116.2057882,51.35173162,"Canada",2065,-0.0290309320508555,-1032.54424925488
"268","Mt. Temple","NE",29,1352,-116.1953755,51.35698869,"Canada",2224,-0.00750645423935861,-84.5190187601165
"269","Mt. Temple","NW",10,1352,-116.2176169,51.35869032,"Canada",2046,-0.0169947441124863,-148.929861475412
"270","Mt. Waddington","E",27,61,-125.0992513,51.38112566,"Canada",1908,-0.060021789577948,-117.730232829174
"271","Mt. Waddington","S",39,61,-125.2489907,51.28009641,"Canada",1387,-0.160115539956639,-378.94301319781
"272","Mt. Waddington","W",25,61,-125.5337002,51.35689883,"Canada",1634,-0.219615857494518,-491.109064655511
"273","Mt. Whitney","NW",15,78,-118.3232966,36.60006269,"United States",3442,0.0179386563740481,62.7376279112477
"274","Mt. Whitney","S",31,78,-118.2968887,36.51705545,"United States",3409,0.0233228727006314,308.554885442196
"275","Mt. Whitney","SE",37,78,-118.2176556,36.51374293,"United States",3514,0.022747656262349,84.1458355434638
"276","Mt. Whitney","SW",45,78,-118.33603,36.54656546,"United States",3461,-0.0173514463837682,-46.0773938334783
"277","Mt. Whitney","W",41,78,-118.3499751,36.5784551,"United States",3356,-0.0258971325074104,-118.979479276612
"278","Mt. Wotzke","E",25,1301,-120.5193679,52.7152017,"Canada",1393,-0.0222864281892476,-284.706038103062
"279","Mt. Wotzke","N",51,1301,-120.6511277,52.71934289,"Canada",1569,0.00640009588418844,56.3303361396872
"280","Mt. Wotzke","NE",23,1301,-120.5878645,52.75350833,"Canada",1717,0.00044501678026504,5.80493125664407
"281","Mt. Wotzke","W",23,1301,-120.6596957,52.71290588,"Canada",1836,0.0172621452687605,146.856509266692
"282","Nevado de Colima","E",8,140,-103.6073824,19.56339622,"Mexico",4014,0.0911671836591397,322.306605490783
"283","Nevado de Colima","N",13,140,-103.608408,19.56422561,"Mexico",3870,0.0933537529499265,454.621977316081
"284","Nevado de Colima","NE",15,140,-103.6077124,19.56400711,"Mexico",3948,0.0822424596009137,631.792632668695
"285","Nevado de Colima","NW",10,140,-103.6090546,19.56391793,"Mexico",3833,0.0758783127698026,185.025412613564
"286","Nevado de Colima","S",15,140,-103.6082609,19.56244197,"Mexico",3943,0.123812601065737,583.552627846012
"287","Nevado de Colima","SE",19,140,-103.6076098,19.56274519,"Mexico",3939,0.098423455270772,533.942186957209
"288","Nevado de Colima","SW",15,140,-103.608952,19.562656,"Mexico",3901,0.122922671811956,655.423284245765
"289","Nevado de Colima","W",15,140,-103.609282,19.56327136,"Mexico",3924,0.125446475130647,534.286091888348
"290","North Schell Peak","E",23,1026,-114.5985662,39.41301171,"United States",3080,-0.0767784733656336,-227.253078226632
"291","North Schell Peak","NE",20,1026,-114.5988667,39.41366046,"United States",3210,-0.0414909658478653,-195.103860370278
"292","North Schell Peak","NW",11,1026,-114.6184321,39.42905992,"United States",3208,-0.0370731317587404,-282.305084106158
"293","North Schell Peak","SE",10,1026,-114.5966047,39.41038785,"United States",3067,-0.0499175018488623,-283.983813425954
"294","North Schell Peak","SW",13,1026,-114.6014331,39.41184573,"United States",3083,-0.0775577128625285,-399.518450978323
"295","Olympos Oros","NE",23,236,-124.522835,51.30513395,"Greece",1559,0.0224846051178878,184.918336659816
"296","Olympos Oros","W",39,236,-124.6239966,51.26889041,"Greece",1718,0.0486301231097597,1043.17127433359
"297","Overseer Mtn.","E",21,948,-123.3161168,50.53147838,"Canada",1589,-0.106284452774619,-158.479015382619
"298","Overseer Mtn.","N",15,948,-123.3839959,50.56027283,"Canada",1671,-0.10551915352588,-477.022640303567
"299","Overseer Mtn.","S",21,948,-123.3752436,50.47329376,"Canada",1789,0.00401185951103006,22.1545610752203
"300","Overseer Mtn.","SW",25,948,-123.5090561,50.43579232,"Canada",1549,-0.00928167646163239,-62.7749566431748
"301","Overseer Mtn.","W",19,948,-123.4103755,50.52769513,"Canada",1895,-0.0344092356127,-111.940016876822
"302","Pikes Peak","E",25,936,-105.0367951,38.83951448,"United States",3530,-0.0128140620228294,-35.9374411836584
"303","Pikes Peak","NE",17,936,-105.0335826,38.84679926,"United States",3446,-0.0464452786716258,-91.6536676061964
"304","Pikes Peak","S",31,936,-105.0540853,38.79455611,"United States",3377,-0.00676046466427549,-36.1267755204663
"305","Pikes Peak","SE",21,936,-105.0265473,38.82082712,"United States",3553,-0.0163922241567305,-36.6459485959858
"306","Pikes Peak","W",25,936,-105.0843613,38.84575196,"United States",3599,0.0692204738858229,224.963021699426
"307","Pilot Peak","E",22,807,-114.0760375,41.02106104,"United States",2643,-0.0599298778504634,-366.230814923331
"308","Pilot Peak","N",10,807,-114.0746123,41.05795542,"United States",2179,-0.0368178131440345,-111.781005545332
"309","Pilot Peak","S",13,807,-114.0773494,41.01931382,"United States",2807,-0.102135733407525,-177.841688953011
"310","Pilot Peak","SE",15,807,-114.0732589,41.01775683,"United States",2571,-0.0438678359865915,-271.514833541185
"311","Pilot Peak","W",13,807,-114.096177,41.02191048,"United States",2183,-0.0345638734447543,-81.1922104753976
"312","Poco Mandasawu","E",43,230,-117.0620545,52.14320501,"Indonesia",2251,0.0303873422424163,255.780850530609
"313","Poco Mandasawu","NW",23,230,-117.691223,52.3049295,"Indonesia",1804,0.00685059799445656,51.2351833064367
"314","Poco Mandasawu","W",61,230,-117.9462806,52.15075581,"Indonesia",2057,0.0361841033419964,897.644114739535
"315","Pukeashun Mtn.","E",36,914,-119.233848,51.20473023,"Canada",2010,-0.0803448158178979,-163.130250228438
"316","Pukeashun Mtn.","NE",19,914,-119.234276,51.20536344,"Canada",2022,-0.022378696815924,-72.446048105382
"317","Pukeashun Mtn.","S",34,914,-119.2352648,51.20382341,"Canada",1970,-0.0957307784003941,-495.006739532795
"318","Pukeashun Mtn.","SE",34,914,-119.2342576,51.20409233,"Canada",1972,-0.114653859046887,-332.907953095669
"319","Pukeashun Mtn.","SW",37,914,-119.2382832,51.20279851,"Canada",2072,-0.107088911033342,-260.921712824905
"320","Razorback Mtn.","N",27,352,-124.7016542,51.66518634,"Canada",1890,-0.096423015687991,-264.944167109033
"321","Razorback Mtn.","NE",17,352,-124.6347561,51.63171948,"Canada",1928,-0.0223379363299003,-74.559439525575
"322","Razorback Mtn.","NW",19,352,-124.7433954,51.61732897,"Canada",1840,-0.0154407793905025,-48.2234422411111
"323","Razorback Mtn.","SW",10,352,-124.7735912,51.52976945,"Canada",1442,-0.175548920991935,-446.844851063181
"324","Razorback Mtn.","W",19,352,-124.7448292,51.58730868,"Canada",1959,-0.0846148841479697,-165.723628581949
"325","Robertson Peak","N",13,1460,-122.2510182,49.65570886,"Canada",1698,-0.000322498149260803,-3.67390936901461
"326","Robertson Peak","NW",10,1460,-122.2533538,49.64764609,"Canada",1589,-0.00698384818477265,-180.743970066991
"327","Robertson Peak","S",21,1460,-122.2500087,49.64224222,"Canada",1446,0.0425021699059964,580.307283781605
"328","Robertson Peak","SW",15,1460,-122.258648,49.63984463,"Canada",1536,0.030982978397525,487.447075401829
"329","Sacajawea Peak","E",31,520,-117.26604,45.24469346,"United States",2402,-0.0195073999521802,-131.90631479631
"330","Sacajawea Peak","NW",28,520,-117.2936638,45.24564635,"United States",2422,-0.0279836394385946,-132.664963842715
"331","Sacajawea Peak","SE",27,520,-117.2626643,45.22301974,"United States",2167,-0.0488653350915249,-427.7663404157
"332","Sacajawea Peak","SW",21,520,-117.298265,45.24124428,"United States",2194,-0.000211520451765868,-0.783419433535073
"333","Sacajawea Peak","W",19,520,-117.3004172,45.2450864,"United States",2066,-0.028046242487848,-116.298167319444
"334","Sharks Teeth Peaks","SW",21,565,-127.2676014,52.98612947,"Canada",1553,-0.0562644252660019,-138.35028218976
"335","Sharks Teeth Peaks","W",19,565,-127.2798852,53.00443161,"Canada",1197,-0.0449935247683524,-224.690841754683
"336","Sierra Blanca Peak","NE",11,920,-105.8079711,33.37485975,"United States",3589,-0.0295729377761043,-40.790346407633
"337","Sierra Blanca Peak","S",11,920,-105.8074717,33.36708754,"United States",3126,-0.0408323506068906,-50.1453471962977
"338","Sierra Blanca Peak","SE",11,920,-105.803561,33.37081089,"United States",3117,-0.0589022521036386,-100.940117892105
"339","Silvertip Mtn.","E",10,620,-121.2087431,49.1602171,"Canada",1694,-0.0438032362409662,-236.07447861375
"340","Silvertip Mtn.","NW",17,620,-121.2313685,49.16797293,"Canada",1558,0.0579282356589475,863.948471858592
"341","Silvertip Mtn.","SE",13,620,-121.2002915,49.14895811,"Canada",1435,-0.165247513470452,-792.810330422266
"342","Silvertip Mtn.","SW",12,620,-121.2192683,49.1593427,"Canada",1796,-0.136552337273906,-482.732896274743
"343","Skihist Mtn.","N",49,193,-121.9039535,50.19675701,"Canada",1950,-0.000801502663568932,-3.32663529117895
"344","Skihist Mtn.","NW",25,193,-121.9301908,50.20356094,"Canada",1994,0.0149893978414694,124.143422120365
"345","Skihist Mtn.","S",23,193,-121.9016603,50.16353376,"Canada",1837,-0.0332478229277239,-174.827628877378
"346","Skihist Mtn.","SE",23,193,-121.8352359,50.14768496,"Canada",1763,-0.0410262425605948,-168.11974060059
"347","Skihist Mtn.","W",19,193,-121.9173169,50.18738432,"Canada",2010,0.00930173802001294,40.2285590222416
"348","Snowshoe Peak","NW",25,1013,-115.7029034,48.23293824,"United States",1971,0.0223006932972453,107.458146193132
"349","South Sister","E",43,898,-121.765425,44.10372062,"United States",2207,-0.0462084748404173,-246.815802551271
"350","South Sister","N",25,898,-121.7694651,44.10900521,"United States",2323,-0.00995512511480706,-65.7759990896802
"351","South Sister","NW",29,898,-121.8049479,44.12739014,"United States",1991,-0.000246259362756351,-0.366636865733653
"352","South Sister","S",37,898,-121.7673778,44.0712464,"United States",2000,-0.0304253675250509,-53.050355287332
"353","South Sister","W",19,898,-121.7903694,44.10298813,"United States",2138,-0.00453963833788351,-8.67851639171568
"354","Talchako Mtn.","E",17,957,-125.9963623,52.09290037,"Canada",1581,-0.152406616920785,-154.946967053019
"355","Talchako Mtn.","NE",21,957,-125.988998,52.11248351,"Canada",1327,-0.30565305679642,-655.227285312163
"356","Talchako Mtn.","NW",13,957,-126.0471632,52.10703116,"Canada",1677,0.024200611052958,75.5188671452415
"357","Talchako Mtn.","SW",21,957,-126.0286489,52.0826442,"Canada",1706,-0.218645591620795,-263.029321127763
"358","Telescope Peak","E",41,596,-118.2330084,37.63409828,"United States",3271,0.0386414661312405,345.285656149316
"359","Telescope Peak","NE",25,596,-118.2331521,37.65193739,"United States",3207,0.0393920865441066,399.665533538169
"360","The Horn","NE",31,1384,-126.1747716,52.36659278,"Canada",1370,-0.0478195886253161,-219.301683692837
"361","The Horn","NW",21,1384,-126.2571513,52.33020475,"Canada",1486,0.0501788282756675,254.133015132128
"362","The Horn","S",11,1384,-126.2274114,52.26553608,"Canada",1525,0.00884623437051235,34.0928806712673
"363","The Horn","SW",15,1384,-126.291069,52.27894607,"Canada",1565,0.0277767999938278,82.1541993848136
"364","The Pinnacles","S",17,978,-118.2289494,50.18628773,"Canada",1665,-0.180852129156523,-233.138186333362
"365","Thunder Mtn.","E",19,918,-126.3534882,52.55083251,"Canada",1450,-0.0942334110620667,-130.216824394038
"366","Thunder Mtn.","NE",21,918,-126.3472291,52.56462759,"Canada",1468,-0.170400589865409,-312.962611973024
"367","Thunder Mtn.","S",23,918,-126.362933,52.52857766,"Canada",1313,-0.093830118589224,-299.740574631643
"368","Thunder Mtn.","SW",25,918,-126.3759184,52.54303346,"Canada",1316,-0.0791534046024442,-364.303759306518
"369","Thunder Mtn.","W",17,918,-126.3857014,52.54879502,"Canada",1276,-0.157944120517983,-1536.4511619732
"370","Tsaydaychuz Peak","E",15,672,-126.5808288,53.02549398,"Canada",1486,-0.0974857850738623,-350.247354688557
"371","Tsaydaychuz Peak","NE",29,672,-126.5682861,53.07544622,"Canada",1501,-0.0601332099847312,-296.818284210307
"372","Tsaydaychuz Peak","NW",23,672,-126.6829993,53.04248548,"Canada",1488,-0.0987552234460563,-308.32984054459
"373","Tsaydaychuz Peak","S",45,672,-126.6339532,52.98865998,"Canada",1502,-0.0797100891038619,-251.737127226212
"374","Tsaydaychuz Peak","SE",19,672,-126.4788303,52.94331727,"Canada",1775,-0.0484055808487829,-59.4235459974898
"375","Tsaydaychuz Peak","SW",35,672,-126.6483711,53.0153782,"Canada",1447,-0.0273113485613525,-301.780485443526
"376","Upper Saddle Mtn.","NE",14,1037,-117.899002,50.17313023,"Canada",1884,-0.0802361858462985,-102.845331940218
"377","Upper Saddle Mtn.","NW",22,1037,-117.9009808,50.17314111,"Canada",2084,-0.0474429445074001,-162.164944181448
"378","Upper Saddle Mtn.","SW",20,1037,-117.900998,50.17186976,"Canada",2095,-0.116556580707918,-301.154194870831
"379","Upper Saddle Mtn.","W",20,1037,-117.9013992,50.17250768,"Canada",2098,-0.0664097385801486,-185.350191289176
"380","Victoria Peak","E",10,641,-126.0924989,50.05525186,"Canada",916,-0.188540334558808,-295.73807312845
"381","Victoria Peak","S",11,641,-126.0994438,50.04578724,"Canada",1390,-0.181901395535399,-390.38207589948
"382","Victoria Peak","SE",17,641,-126.097592,50.05301414,"Canada",1302,-0.151717469624826,-420.246995348867
"383","Victoria Peak","W",10,641,-126.1063895,50.05436881,"Canada",1373,-0.120408230033243,-113.183233683746
"384","Vol. Nevado de Toluca","E",41,310,-99.74190366,19.10290931,"Mexico",3988,0.117367291318749,135.443145333142
"385","Vol. Nevado de Toluca","N",45,310,-99.76850665,19.11871682,"Mexico",4012,0.0830263783430336,132.789790507665
"386","Vol. Nevado de Toluca","NE",31,310,-99.7523112,19.11767785,"Mexico",3983,0.136521882266126,226.619538403596
"387","Vol. Nevado de Toluca","NW",21,310,-99.77457995,19.10768501,"Mexico",4035,0.0522534652380906,77.2820378823076
"388","Vol. Nevado de Toluca","S",41,310,-99.76728932,19.09807564,"Mexico",3974,0.0863361635420659,231.920705169901
"389","Vol. Nevado de Toluca","SE",37,310,-99.76396283,19.09865533,"Mexico",4046,0.166915533586581,677.338154207534
"390","Vol. Nevado de Toluca","SW",23,310,-99.76813209,19.10100081,"Mexico",4078,0.0588042880570663,159.911283245366
"391","Vol. Nevado de Toluca","W",41,310,-99.7703438,19.10152699,"Mexico",4047,0.0863055211840384,181.53752133358
"392","Volcan Acatenango","E",14,643,-90.87407155,14.50084056,"Guatemala",3770,0.0561602165895831,99.9199946002009
"393","Volcan Acatenango","N",21,643,-90.87500797,14.50173684,"Guatemala",3802,0.0022410436881215,3.66663986069489
"394","Volcan Acatenango","NE",21,643,-90.87434802,14.50147821,"Guatemala",3716,-0.0448429430601609,-78.6530605992834
"395","Volcan Acatenango","NW",18,643,-90.87565899,14.50146929,"Guatemala",3608,0.0164327360621788,34.5280722912967
"396","Volcan Acatenango","S",11,643,-90.87498567,14.4990257,"Guatemala",3533,0.0528016598454264,98.889729836937
"397","Volcan Acatenango","SE",17,643,-90.8743391,14.50019845,"Guatemala",3650,0.050717630008791,108.041194687326
"398","Volcan Acatenango","SW",14,643,-90.87565008,14.50018953,"Guatemala",3805,0.0596429795144366,115.854823748266
"399","Volcan Acatenango","W",13,643,-90.87592654,14.50082718,"Guatemala",3887,0.0110906120852279,23.06250842693
"400","Volcan Atitlan","E",15,790,-91.18574042,14.58334284,"Guatemala",3215,0.0202755702395252,62.820437227313
"401","Volcan Atitlan","N",14,790,-91.18667683,14.58423912,"Guatemala",3317,0.0190298144914778,93.3415139311915
"402","Volcan Atitlan","NE",12,790,-91.18601689,14.58397604,"Guatemala",3218,0.034958123746494,124.434962063633
"403","Volcan Atitlan","NW",14,790,-91.18732786,14.58396712,"Guatemala",3234,0.0486117980096333,187.792292620041
"404","Volcan Atitlan","S",19,790,-91.186659,14.58242873,"Guatemala",2907,0.129318936227611,929.58573232352
"405","Volcan Atitlan","SE",17,790,-91.18600351,14.58270073,"Guatemala",3077,0.180260572856272,990.109882132622
"406","Volcan Atitlan","SW",22,790,-91.18731894,14.58268736,"Guatemala",2974,0.0846999479259727,356.543913005328
"407","Volcan Atitlan","W",16,790,-91.18759541,14.58332501,"Guatemala",3169,0.0394162159277344,186.60531506032
"408","Volcan Concepcion","S",13,1437,-85.62260162,11.53110601,"Nicaragua",807,-0.00561254515172094,-10.1708791728602
"409","Volcan Concepcion","SW",19,1437,-85.6270964,11.53392862,"Nicaragua",628,0.0791976446500783,121.982138372808
"410","Volcan Concepcion","W",23,1437,-85.62616444,11.53838772,"Nicaragua",722,0.0685167800796237,119.781253576808
"411","Volcan de San Miguel","E",17,649,-88.26824424,13.43499501,"El Salvador",1745,0.108399668034928,696.825980132508
"412","Volcan de San Miguel","N",15,649,-88.26916282,13.43590467,"El Salvador",1832,0.130572753889665,364.523065638635
"413","Volcan de San Miguel","NE",15,649,-88.26851179,13.43563712,"El Salvador",1760,0.132135048575595,765.632557112612
"414","Volcan de San Miguel","NW",17,649,-88.26981831,13.43564158,"El Salvador",1646,0.0492755915703255,127.336629249407
"415","Volcan de San Miguel","S",13,649,-88.26920295,13.42596087,"El Salvador",1535,0.113664642039863,380.769093967344
"416","Volcan de San Miguel","SE",13,649,-88.26591659,13.43179338,"El Salvador",1675,0.0865960164364147,399.705828823434
"417","Volcan de San Miguel","SW",11,649,-88.28882746,13.41590114,"El Salvador",795,0.160123008116521,276.223737074843
"418","Volcan de San Miguel","W",21,649,-88.27655155,13.43503068,"El Salvador",1305,0.208089017697728,404.676659722559
"419","Volcan de Santa Ana","E",17,1098,-89.62740946,13.85583605,"El Salvador",2178,-0.0576755922423975,-169.008424262258
"420","Volcan de Santa Ana","S",15,1098,-89.62832358,13.85040932,"El Salvador",2138,-0.0248867291317816,-15.936010462849
"421","Volcan de Santa Ana","SE",21,1098,-89.62702152,13.85455629,"El Salvador",1983,-0.0937869253276716,-189.196845151412
"422","Volcan de Santa Ana","SW",28,1098,-89.62898798,13.85519394,"El Salvador",2235,-0.0990984823314378,-166.388489453886
"423","Volcan de Santa Ana","W",24,1098,-89.62925999,13.85583159,"El Salvador",2305,-0.0138469505956019,-49.568218390245
"424","Volcan Iztaccihuatl","E",43,1351,-98.63479359,19.18120666,"Mexico",4092,0.0548793495925335,152.66809383331
"425","Volcan Iztaccihuatl","N",45,1351,-98.64413986,19.19610898,"Mexico",4069,0.0384939348244271,132.861268052303
"426","Volcan Iztaccihuatl","NE",39,1351,-98.62931335,19.19545349,"Mexico",3987,0.0498241127797645,141.068916567992
"427","Volcan Iztaccihuatl","NW",39,1351,-98.65037815,19.18689648,"Mexico",4101,0.0615716943054676,167.066759487575
"428","Volcan Iztaccihuatl","S",27,1351,-98.64129496,19.14219399,"Mexico",3899,0.0252956954807468,48.4229355438688
"429","Volcan Iztaccihuatl","SE",23,1351,-98.62361462,19.16386076,"Mexico",4110,0.105439527111766,326.72374641426
"430","Volcan Iztaccihuatl","SW",45,1351,-98.64906717,19.17485245,"Mexico",3981,0.0220122454020586,71.4034481059707
"431","Volcan Iztaccihuatl","W",51,1351,-98.64807725,19.18062698,"Mexico",3977,0.0486981344420038,191.891580431061
"432","Volcan Pico de Orizaba","E",31,7,-97.25092049,19.03073876,"Mexico",3983,0.0837312513836483,285.598812621983
"433","Volcan Pico de Orizaba","N",25,7,-97.27228405,19.06239838,"Mexico",3961,0.0766739443849713,176.588724371798
"434","Volcan Pico de Orizaba","NE",29,7,-97.24193986,19.05975413,"Mexico",3910,0.115770515801493,371.250327385992
"435","Volcan Pico de Orizaba","NW",21,7,-97.29669763,19.05261957,"Mexico",3868,0.17641514617241,1602.3700564369
"436","Volcan Pico de Orizaba","S",31,7,-97.26970669,19.00480463,"Mexico",4133,0.0685695402708253,156.321471024283
"437","Volcan Pico de Orizaba","SE",29,7,-97.2540597,19.01532365,"Mexico",3951,0.102496764723658,298.425435976506
"438","Volcan Pico de Orizaba","SW",21,7,-97.31576028,18.98371308,"Mexico",3951,0.174809830481358,964.355808032603
"439","Volcan Popocatepetl","E",103,84,-98.61908417,19.02366216,"Mexico",3803,0.0670332241188631,239.956727237477
"440","Volcan Popocatepetl","N",33,84,-98.6278909,19.04669788,"Mexico",3946,0.0615883958213335,88.0541781066431
"441","Volcan Popocatepetl","NE",65,84,-98.61010354,19.04061121,"Mexico",3900,0.0107259932394879,23.0874489329849
"442","Volcan Popocatepetl","NW",35,84,-98.64073757,19.03546095,"Mexico",3912,0.0321964464252624,64.0759580078911
"443","Volcan Popocatepetl","S",73,84,-98.62525557,18.99637247,"Mexico",3401,0.0437960156038273,92.5986768921293
"444","Volcan Popocatepetl","SE",57,84,-98.6147098,19.01302275,"Mexico",3770,0.168393120731773,637.630649031301
"445","Volcan Popocatepetl","SW",53,84,-98.6438634,19.00539323,"Mexico",3850,-0.000335680117605985,-0.337698775853369
"446","Volcan Popocatepetl","W",61,84,-98.66363059,19.02172691,"Mexico",3602,-0.0102580678280202,-21.1612595319139
"447","Volcan San Cristobal","E",21,958,-87.003991,12.7024851,"Nicaragua",1252,0.133735622641061,259.903939071824
"448","Volcan San Cristobal","N",27,958,-87.00582369,12.70340368,"Nicaragua",1029,0.0740101525144741,185.749523596513
"449","Volcan San Cristobal","NE",35,958,-87.00320619,12.70503125,"Nicaragua",856,0.0692760711802307,241.204793638604
"450","Volcan San Cristobal","NW",21,958,-87.00906099,12.70572241,"Nicaragua",892,0.105685353776778,277.495526692372
"451","Volcan San Cristobal","S",27,958,-87.00584152,12.70159774,"Nicaragua",882,0.183313957794836,604.409834877025
"452","Volcan San Cristobal","SE",26,958,-87.00518603,12.70185637,"Nicaragua",1256,0.129711791828129,370.190101697676
"453","Volcan San Cristobal","SW",33,958,-87.00648809,12.70186529,"Nicaragua",780,0.120876541257483,393.445532924756
"454","Volcan San Cristobal","W",21,958,-87.01503619,12.7025832,"Nicaragua",774,0.0861028095382895,146.787705683885
"455","Volcan Tajumulco","E",16,22,-91.90240268,15.04334371,"Guatemala",4005,0.0964568529504195,117.632843134788
"456","Volcan Tajumulco","N",21,22,-91.90338815,15.04785186,"Guatemala",3554,0.0776029330789765,596.146634626557
"457","Volcan Tajumulco","NE",12,22,-91.90268361,15.04398136,"Guatemala",3966,0.0545667587266747,79.7762790227239
"458","Volcan Tajumulco","NW",44,22,-91.90399904,15.04396352,"Guatemala",3488,0.09225955026517,452.772443754499
"459","Volcan Tajumulco","S",33,22,-91.90331234,15.0415244,"Guatemala",3607,0.0425248862204652,140.091408977495
"460","Volcan Tajumulco","SE",29,22,-91.89801047,15.03828263,"Guatemala",3471,0.099869675583687,530.893627473725
"461","Volcan Tajumulco","SW",21,22,-91.90658086,15.04010194,"Guatemala",3541,0.0930765834487989,501.25903706601
"462","Volcan Tajumulco","W",29,22,-91.90984047,15.04325899,"Guatemala",3152,0.101763449578391,926.956243644885
"463","Wedge Mtn.","S",21,293,-122.7926284,50.12525784,"Canada",1791,-0.00225989596177759,-16.4656119795229
"464","Wedge Mtn.","W",25,293,-122.810085,50.13273599,"Canada",1773,0.018639939795688,134.798292743265
"465","Wheeler Peak","E",25,265,-114.2978107,38.98517542,"United States",3346,-0.0603715847403009,-210.169228515116
"466","Wheeler Peak","N",15,265,-114.3134897,38.99212756,"United States",3228,-0.00301006155069028,-8.11392904945205
"467","Wheeler Peak","NE",13,265,-114.2993958,38.99607727,"United States",3199,-0.00791158361753275,-13.0764440057615
"468","Wheeler Peak","NW",29,265,-114.3162042,38.98784025,"United States",3372,0.0113537495436717,56.1328713977164
"469","Wheeler Peak","S",19,265,-114.3154847,38.96065632,"United States",3231,-0.0052506630436453,-21.8527525270424
"470","Wheeler Peak","SE",15,265,-114.3115737,38.98382636,"United States",3477,-0.0139300418206148,-117.313505558826
"471","Wheeler Peak","SW",15,265,-114.3172984,38.98342268,"United States",3394,0.0301231602190812,143.540420305758
"472","Wheeler Peak","W",19,265,-114.3184827,38.98602085,"United States",3241,0.0221160134048353,84.6476182123733
"473","Whitecap Mtn.","NW",10,1367,-122.5504914,50.74012519,"Canada",1841,-0.0632533765864361,-265.189154398725
"474","Whitecap Mtn.","SE",35,1367,-122.4505765,50.68295742,"Canada",1842,-0.0129752985370062,-149.612764177314
"475","Whitehorn Mtn.","E",10,806,-119.2323566,53.13713448,"Canada",1842,-0.0204664666592397,-44.5991699153235
"476","Whitehorn Mtn.","N",27,806,-119.2675651,53.19265193,"Canada",1765,-0.0268181440787392,-112.506554115083
"477","Whitehorn Mtn.","NE",17,806,-119.1452906,53.21127991,"Canada",1640,-0.0450090142049326,-151.776721940069
"478","Whitehorn Mtn.","S",23,806,-119.265353,53.05517926,"Canada",1766,-0.0796589353731857,-487.566059319559
"479","Whitehorn Mtn.","SE",11,806,-119.2251529,53.11239255,"Canada",1299,-0.0753874367668856,-147.134517017286
